Urls site Jecompare.immo;Residence;Urls site Leemo;Ville;Promoteur;Loi;Date du scrap
http://www.jecompare.immo/Residence_ALLURE_Pinel__.php;ALLURE;programme.php?l=Pinel&d=75&x=15574;;Ogic;Pinel;01/13/2017 10:53:56
http://www.jecompare.immo/Residence_Altéa_Pinel_37100_Tours.php;Altéa;programme.php?l=Pinel&d=37&x=18447;Tours;Crédit Foncier Immobilier;Pinel;01/13/2017 10:45:01
http://www.jecompare.immo/Residence_Carré_Vert_Programme_neuf__.php;Carré Vert;programme.php?l=Droit commun&d=93&x=14763;;Les Nouveaux Constructeurs;Programme neuf;01/13/2017 10:43:46
http://www.jecompare.immo/Residence_Castelli_Pinel_06340_La_Trinité.php;Castelli;programme.php?l=Pinel&d=06&x=17200;La Trinité;Tagerim;Pinel;01/13/2017 11:38:12
http://www.jecompare.immo/Residence_CENTRAL_PARK_Programme_neuf_44100_Nantes.php;CENTRAL PARK;programme.php?l=Droit commun&d=44&x=19593;Nantes;Kaufman and Broad;Programme neuf;01/13/2017 10:57:04
http://www.jecompare.immo/Residence_CITY_NATURE_Pinel_91290_Arpajon.php;CITY NATURE;programme.php?l=Pinel&d=91&x=13720;Arpajon;Eiffage Immobilier;Pinel;01/13/2017 11:08:35
http://www.jecompare.immo/Residence_Coeur_de_Marne_-_Lancement_Pinel__.php;Coeur de Marne - Lancement;programme.php?l=Pinel&d=94&x=18311;;Cogedim;Pinel;01/13/2017 10:53:01
http://www.jecompare.immo/Residence_COEUR_DE_VILLE_Pinel_44600_Saint-Nazaire.php;COEUR DE VILLE;programme.php?l=Pinel&d=44&x=18491;Saint-Nazaire;Bouygues;Pinel;01/13/2017 11:42:28
http://www.jecompare.immo/Residence_CÔTE_CANAL_TR2_Pinel__.php;CÔTE CANAL TR2;programme.php?l=Pinel&d=67&x=17081;;Vinci Immobilier;Pinel;01/13/2017 11:20:00
http://www.jecompare.immo/Residence_Coté_Parc_Programme_neuf_93200_Saint-Denis.php;Coté Parc;programme.php?l=Droit commun&d=93&x=19263;Saint-Denis;Les Nouveaux Constructeurs;Programme neuf;01/13/2017 11:01:26
http://www.jecompare.immo/Residence_DELTA_CITY_PARK_Pinel__.php;DELTA CITY PARK;programme.php?l=Pinel&d=62&x=16802;;Fiducim;Pinel;01/13/2017 11:14:54
http://www.jecompare.immo/Residence_ERDRE_ET_PARC_-_NANTES_Pinel_44300_Nantes.php;ERDRE ET PARC - NANTES;programme.php?l=Pinel&d=44&x=15027;Nantes;Nacarat;Pinel;01/13/2017 10:41:54
http://www.jecompare.immo/Residence_HORIZON_Pinel__.php;HORIZON;programme.php?l=Pinel&d=44&x=18060;;Nexity;Pinel;01/13/2017 10:37:06
http://www.jecompare.immo/Residence_Iguzki_Pinel__.php;Iguzki;programme.php?l=Pinel&d=64&x=19364;;Robert Alday;Pinel;01/13/2017 10:51:37
http://www.jecompare.immo/Residence_INSIDE_Pinel_56000_Vannes.php;IN SITU;programme.php?l=Pinel&d=31&x=17635;Toulouse;Bouygues;Pinel;01/13/2017 11:27:26
http://www.jecompare.immo/Residence_IN_SITU_Pinel_31300_Toulouse.php;INSIDE;programme.php?l=Pinel&d=56&x=17033;Vannes;Nexity;Pinel;01/13/2017 11:09:49
http://www.jecompare.immo/Residence_La_Menèla_Pinel_31200_Toulouse.php;La Menèla;programme.php?l=Pinel&d=31&x=17968;Toulouse;Vinci Immobilier / Labo Immo;Pinel;01/13/2017 10:36:20
http://www.jecompare.immo/Residence_L'Adresse_Libération_Programme_neuf_38100_Grenoble.php;L'Adresse Libération;programme.php?l=Droit commun&d=38&x=17708;Grenoble;Bouygues;Programme neuf;01/13/2017 10:39:37
http://www.jecompare.immo/Residence_Le_Campus_Pinel_67100_Strasbourg.php;Le Campus;programme.php?l=Pinel&d=67&x=18513;Strasbourg;Crédit Foncier Immobilier;Pinel;01/13/2017 10:34:55
http://www.jecompare.immo/Residence_LE_CLOS_D'EMILIE_Pinel_01210_Ferney-Voltaire.php;LE CLOS D'EMILIE;programme.php?l=Pinel&d=01&x=18372;Ferney-Voltaire;Green City;Pinel;01/13/2017 10:33:48
http://www.jecompare.immo/Residence_LE_CLOS_DU_PALADIN_Pinel_31240_Saint-Jean.php;LE CLOS DU PALADIN;programme.php?l=Pinel&d=31&x=15268;Saint-Jean;Kaufman and Broad;Pinel;01/13/2017 10:58:40
http://www.jecompare.immo/_Les_Ponts-de-Cé_Pinel__.php;LE NOBEL / Les Ponts-de-Cé;programme.php?l=Pinel&d=49&x=19120;;Seri Ouest;Pinel;01/13/2017 11:14:08
http://www.jecompare.immo/Residence_L'ENVOL_Pinel__.php;L'ENVOL;programme.php?l=Pinel&d=67&x=19312;;Bouygues;Pinel;01/13/2017 11:26:21
http://www.jecompare.immo/Residence_Les_Jardins_de_la_Soie_Pinel_69120_Vaulx-en-Velin.php;Les Jardins de la Soie;programme.php?l=Pinel&d=69&x=18293;Vaulx-en-Velin;Cogedim;Pinel;01/13/2017 10:47:45
http://www.jecompare.immo/_Rennes_Pinel_35000_Rennes.php;LES PAPETERIES ADAGIO & MAESTRO / Rennes;programme.php?l=Pinel&d=35&x=13736;Rennes;Seri Ouest;Pinel;01/13/2017 11:18:41
http://www.jecompare.immo/Residence_Les_Senioriales_de_Nîmes_Programme_neuf_30000_Nîmes.php;Les Senioriales de Nîmes;programme.php?l=Droit commun&d=30&x=16328;Nîmes;Les Senioriales;Programme neuf;01/13/2017 11:36:35
http://www.jecompare.immo/Residence_Les_Villas_du_Vert_Galant_Pinel_93420_Villepinte.php;Les Villas du Vert Galant;programme.php?l=Pinel&d=93&x=19309;Villepinte;European Homes;Pinel;01/13/2017 11:44:34
http://www.jecompare.immo/Residence_L'Orée_du_Verger_Pinel_01210_Ornex.php;L'Orée du Verger;programme.php?l=Pinel&d=01&x=18354;Ornex;Cogedim;Pinel;01/13/2017 11:11:14
http://www.jecompare.immo/Residence_Métrocity_Pinel_31200_Toulouse.php;Métrocity;programme.php?l=Pinel&d=31&x=16149;Toulouse;Crédit Foncier Immobilier;Pinel;01/13/2017 11:48:18
http://www.jecompare.immo/Residence_MOZAIK_Pinel__.php;MOZAIK;programme.php?l=Pinel&d=95&x=13900;;Nexity;Pinel;01/13/2017 10:42:48
http://www.jecompare.immo/Residence_Natura_Parc_Programme_neuf_4_Boulevard_Eugène_Deruelle.php;Natura Parc;programme.php?l=Droit commun&d=69&x=16694;Boulevard Eugène Deruelle;Les Nouveaux Constructeurs;Programme neuf;01/13/2017 11:22:48
http://www.jecompare.immo/_Pulse_Programme_neuf_94000_Créteil.php;Néo C / Pulse;programme.php?l=Droit commun&d=94&x=17724;Créteil;Bouygues;Programme neuf;01/13/2017 11:24:25
http://www.jecompare.immo/Residence_NIWA_Pinel__.php;NIWA;programme.php?l=Pinel&d=92&x=17597;;Bouygues;Pinel;01/13/2017 11:03:39
http://www.jecompare.immo/Residence_Nouvel'R_Pinel__.php;Nouvel'R;programme.php?l=Pinel&d=34&x=18842;;Urbat;Pinel;01/13/2017 11:07:22
http://www.jecompare.immo/Residence_O_CENTRE_Pinel_78270_Bonnières-sur-Seine.php;O CENTRE;programme.php?l=Pinel&d=78&x=13988;Bonnières-sur-Seine;Nexity;Pinel;01/13/2017 11:47:10
http://www.jecompare.immo/Residence_ONLY_ROC_TRANCHE_3__BAT_G&H_Pinel__.php;ONLY ROC TRANCHE 3  BAT G&H;programme.php?l=Pinel&d=83&x=18766;;Vinci Immobilier;Pinel;01/13/2017 11:04:52
http://www.jecompare.immo/Residence_Optilium_Pinel_44120_Vertou.php;Optilium;programme.php?l=Pinel&d=44&x=18257;Vertou;Cogedim;Pinel;01/13/2017 11:33:08
http://www.jecompare.immo/Residence_Perspectives_Arnoa_Pinel__.php;Perspectives Arnoa;programme.php?l=Pinel&d=33&x=18899;;Robert Alday;Pinel;01/13/2017 11:02:35
http://www.jecompare.immo/Residence_PRISMA_Pinel_35000_Rennes.php;PRISMA;programme.php?l=Pinel&d=35&x=17640;Rennes;Bouygues;Pinel;01/13/2017 10:38:17
http://www.jecompare.immo/Residence_PYTHAGORE_TR1_Pinel_31100_Toulouse.php;PYTHAGORE TR1;programme.php?l=Pinel&d=31&x=18074;Toulouse;Vinci Immobilier;Pinel;01/13/2017 11:15:58
http://www.jecompare.immo/Residence_Quartier_des_Arts_Pinel_92800_Puteaux.php;Quartier des Arts;programme.php?l=Pinel&d=92&x=19112;Puteaux;Catella Residential;Pinel;01/13/2017 10:50:25
http://www.jecompare.immo/Residence_Résidence_Albiona_Pinel_31300_Toulouse.php;Résidence Albiona;programme.php?l=Pinel&d=31&x=15373;Toulouse;Fonta;Pinel;01/13/2017 10:46:18
http://www.jecompare.immo/Residence_Résidence_Côté_Parc_Pinel_35310_Mordelles.php;Résidence Côté Parc;programme.php?l=Pinel&d=35&x=14277;Mordelles;Imodeus;Pinel;01/13/2017 11:45:39
http://www.jecompare.immo/Residence_Résidence_CREALYS_Pinel_31600_Saubens.php;Résidence CREALYS;programme.php?l=Pinel&d=31&x=13374;Saubens;Carrere;Pinel;01/13/2017 11:49:24
http://www.jecompare.immo/Residence_Royal_Saint_Cyprien_Pinel_31300_Toulouse.php;Royal Saint Cyprien;programme.php?l=Pinel&d=31&x=18876;Toulouse;Belin / Labo Immo;Pinel;01/13/2017 11:00:02
http://www.jecompare.immo/Residence_SCALA_Programme_neuf_67380_Lingolsheim.php;SCALA;programme.php?l=Droit commun&d=67&x=19289;Lingolsheim;Nexity;Programme neuf;01/13/2017 11:40:02
http://www.jecompare.immo/_Chartres-de-Bretagne_Pinel__.php;SO ZEN / Chartres-de-Bretagne;programme.php?l=Pinel&d=35&x=18115;;Seri Ouest;Pinel;01/13/2017 11:17:28
http://www.jecompare.immo/Residence_VIA_TOLOSA_Pinel__.php;VIA TOLOSA;programme.php?l=Pinel&d=31&x=16843;;Nexity;Pinel;01/13/2017 11:34:51
http://www.jecompare.immo/Residence_Victor_Hugo_Pinel_06150_Cannes.php;Victor Hugo;programme.php?l=Pinel&d=06&x=15686;Cannes;Tagerim;Pinel;01/13/2017 11:12:24
http://www.jecompare.immo/Residence_Villa_Artemis_Pinel_94130_Nogent-sur-Marne.php;Villa Artemis;programme.php?l=Pinel&d=94&x=19526;Nogent-sur-Marne;Catella Residential;Pinel;01/13/2017 10:40:49
http://www.jecompare.immo/Residence_VILLA_KERLOR_Pinel__.php;VILLA KERLOR;programme.php?l=Pinel&d=44&x=18613;;Crédit Agricole Immobilier;Pinel;01/13/2017 11:21:43
http://www.jecompare.immo/Residence_VILLA_RUBELLA_Pinel__.php;VILLA RUBELLA;programme.php?l=Pinel&d=77&x=18549;;Bouygues;Pinel;01/13/2017 11:35:34
http://www.jecompare.immo/Residence_VILLA_SAINT_GEORGES_Pinel__.php;VILLA SAINT GEORGES;programme.php?l=Pinel&d=77&x=13483;;Edouard Denis;Pinel;01/13/2017 10:54:44
http://www.jecompare.immo/Residence_VUE_SUR_PARC_VILLA_DUPLEX_Programme_neuf_78955_Carrières-sous-Poissy.php;VUE SUR PARC VILLA DUPLEX;programme.php?l=Droit commun&d=78&x=18367;Carrières-sous-Poissy;Groupe Capelli;Programme neuf;01/13/2017 11:06:03
http://www.jecompare.immo/Residence-ALTEA-Pinel-37100-Tours.php;ALTEA;programme.php?l=Pinel&d=37&x=19630;Tours;La Référence Pierre;Pinel;01/16/2017 14:13:52
http://www.jecompare.immo/Residence-ALTANA-Programme-neuf-92000-Nanterre.php;ALTANA;programme.php?l=Droit commun&d=92&x=18536;Nanterre;Nacarat;Programme neuf;01/16/2017 14:21:34
http://www.jecompare.immo/Residence-Villa-Verde-Programme-neuf-69200-Vénissieux.php;Villa Verde;programme.php?l=Droit commun&d=69&x=19313;Vénissieux;Les Nouveaux Constructeurs;Programme neuf;01/16/2017 14:22:40
http://www.jecompare.immo/Residence-L'AVANT-SCENE-ILOT-C-L'INTERPRETE-Pinel--.php;L'AVANT-SCENE ILOT C L'INTERPRETE;programme.php?l=Pinel&d=74&x=16366;;Crédit Agricole Immobilier;Pinel;01/16/2017 14:23:26
http://www.jecompare.immo/Residence-Les-Jardins-de-Candide-Pinel-59200-Tourcoing.php;Les Jardins de Candide;programme.php?l=Pinel&d=59&x=17713;Tourcoing;Bouygues;Pinel;01/16/2017 14:24:24
http://www.jecompare.immo/Residence-LOFT-AVENUE-Pinel-06600-Antibes.php;LOFT AVENUE;programme.php?l=Pinel&d=06&x=19379;Antibes;Bouwfonds Marignan;Pinel;01/16/2017 14:25:22
http://www.jecompare.immo/Residence-VILLA-NEPTUNE-Pinel-91100-Corbeil-Essonnes.php;VILLA NEPTUNE;programme.php?l=Pinel&d=91&x=19192;Corbeil-Essonnes;Promogerim;Pinel;01/16/2017 14:26:14
http://www.jecompare.immo/Residence-RESIDENCE-ALLIONIS-Pinel-17340-Châtelaillon-Plage.php;RESIDENCE ALLIONIS;programme.php?l=Pinel&d=17&x=19340;Châtelaillon-Plage;Bouygues;Pinel;01/16/2017 14:27:07
http://www.jecompare.immo/Residence-Terrasses-de-Paulmy-Pinel-64100-Bayonne.php;Terrasses de Paulmy;programme.php?l=Pinel&d=64&x=14814;Bayonne;Robert Alday;Pinel;01/16/2017 14:28:10
http://www.jecompare.immo/Residence-Les-Senioriales-de-Médis-Pinel--.php;Les Senioriales de Médis;programme.php?l=Pinel&d=17&x=16770;;Les Senioriales;Pinel;01/16/2017 14:28:40
http://www.jecompare.immo/Residence-Stella-Verde-Pinel-33185-Le-Haillan.php;Stella Verde;programme.php?l=Pinel&d=33&x=18495;Le Haillan;Kaufman and Broad / Labo Immo;Pinel;01/16/2017 14:29:32
http://www.jecompare.immo/Residence-Le-Domaine-de-Gascogne-Pinel--.php;Le Domaine de Gascogne;programme.php?l=Pinel&d=31&x=14573;;Urbat;Pinel;01/16/2017 14:30:32
http://www.jecompare.immo/Residence-LES-TERRASSES-DU-VERGER-Pinel-74520-Chevrier.php;LES TERRASSES DU VERGER;programme.php?l=Pinel&d=74&x=15394;Chevrier;Kaufman and Broad;Pinel;01/16/2017 14:31:28
http://www.jecompare.immo/Residence-CENTRAL-PARK-Pinel-62000-Arras.php;CENTRAL PARK;programme.php?l=Pinel&d=62&x=18035;Arras;Fiducim;Pinel;01/16/2017 14:32:32
http://www.jecompare.immo/Residence-CARRE-BALZAC-Pinel--.php;CARRE BALZAC;programme.php?l=Pinel&d=77&x=19608;;Crédit Agricole Immobilier;Pinel;01/16/2017 14:33:07
http://www.jecompare.immo/Residence-Ilo-Verde-Pinel-Oberschaeffolsheim,-Oberschaeffolsheim.php;Ilo Verde;programme.php?l=Pinel&d=67&x=18333;Oberschaeffolsheim;Cogedim;Pinel;01/16/2017 14:34:08
http://www.jecompare.immo/Residence-TERREO-Pinel--.php;TERREO;programme.php?l=Pinel&d=69&x=17668;;Bouygues;Pinel;01/16/2017 14:34:37
http://www.jecompare.immo/Residence-Les-Senioriales-de-Cavillargues-Programme-neuf--.php;Les Senioriales de Cavillargues;programme.php?l=Droit commun&d=30&x=14693;;Les Senioriales;Programme neuf;01/16/2017 14:35:05
http://www.jecompare.immo/Residence-LES-CAPITOULS-Pinel-31200-Toulouse.php;LES CAPITOULS;programme.php?l=Pinel&d=31&x=15271;Toulouse;Kaufman and Broad;Pinel;01/16/2017 14:36:08
http://www.jecompare.immo/Residence-O'Coeur-Pinel-4-Avenue-de-Montpellier.php;O'Coeur;programme.php?l=Pinel&d=34&x=19128;Avenue de Montpellier;Pitch Promotion / Labo Immo;Pinel;01/16/2017 14:37:02
http://www.jecompare.immo/Residence-RIVES-PLAISANCE-Pinel-95290-L'Isle-Adam.php;RIVES PLAISANCE;programme.php?l=Pinel&d=95&x=19620;L'Isle-Adam;Eiffage Immobilier;Pinel;01/16/2017 14:37:58
http://www.jecompare.immo/Residence-O2-PARCS-Pinel-13015-Marseille.php;O2 PARCS;programme.php?l=Pinel&d=13&x=19464;Marseille;Nexity;Pinel;01/16/2017 14:38:52
http://www.jecompare.immo/Residence-Urbancity-Pinel--.php;Urbancity;programme.php?l=Pinel&d=95&x=19507;;Bouygues;Pinel;01/16/2017 14:39:24
http://www.jecompare.immo/Residence-Le-Mellow-Pinel-69008-Lyon.php;Le Mellow;programme.php?l=Pinel&d=69&x=18809;Lyon;Cogedim;Pinel;01/16/2017 14:40:22
http://www.jecompare.immo/Residence-AUSTRAL-Pinel--.php;AUSTRAL;programme.php?l=Pinel&d=31&x=16010;;Carrere;Pinel;01/16/2017 14:40:55
http://www.jecompare.immo/Residence-LES-VILLAS-DES-COTEAUX-Pinel-94430-Chennevières-sur-Marne.php;LES VILLAS DES COTEAUX;programme.php?l=Pinel&d=94&x=18904;Chennevières-sur-Marne;Nexity;Pinel;01/16/2017 14:41:58
http://www.jecompare.immo/Residence-ÔNIA-Pinel--.php;ÔNIA;programme.php?l=Pinel&d=17&x=13668;;Vinci Immobilier;Pinel;01/16/2017 14:42:33
http://www.jecompare.immo/Residence-L'ECRIN-Pinel-Montpellier,-Montpellier.php;L'ECRIN;programme.php?l=Pinel&d=34&x=18374;Montpellier;Kaufman and Broad;Pinel;01/16/2017 14:43:42
http://www.jecompare.immo/Residence-ARBORESCENCE-Pinel-64600-Anglet.php;ARBORESCENCE;programme.php?l=Pinel&d=64&x=17688;Anglet;Bouygues;Pinel;01/16/2017 14:44:51
http://www.jecompare.immo/Residence-SO-XYGEN---Montivilliers-Pinel-76290-Montivilliers.php;SO XYGEN - Montivilliers;programme.php?l=Pinel&d=76&x=18760;Montivilliers;Seri Ouest;Pinel;01/16/2017 14:45:48
http://www.jecompare.immo/Residence-Les-Terrasses-du-Saint-Quentin-Programme-neuf-57050-Metz.php;Les Terrasses du Saint-Quentin;programme.php?l=Droit commun&d=57&x=13325;Metz;European Homes;Programme neuf;01/16/2017 14:46:50
http://www.jecompare.immo/Residence-SIGNATURE-Pinel--.php;SIGNATURE;programme.php?l=Pinel&d=78&x=18515;;Sogeprom;Pinel;01/16/2017 14:47:32
http://www.jecompare.immo/Residence-LES-JARDINS-PYTHAGORE-1-Pinel-62000-Arras.php;LES JARDINS PYTHAGORE 1;programme.php?l=Pinel&d=62&x=16803;Arras;Fiducim;Pinel;01/16/2017 14:48:28
http://www.jecompare.immo/Residence-In-City-Pinel-Avrillé,-Avrillé.php;In City;programme.php?l=Pinel&d=49&x=16282;Avrillé;Eiffage Immobilier;Pinel;01/16/2017 14:49:26
http://www.jecompare.immo/Residence-KER-AZUR-Programme-neuf-22520-Binic.php;KER AZUR;programme.php?l=Droit commun&d=22&x=14269;Binic;Imodeus;Programme neuf;01/16/2017 14:50:23
http://www.jecompare.immo/Residence-HORIZON-144-Programme-neuf-31500-Toulouse.php;HORIZON 144;programme.php?l=Droit commun&d=31&x=19082;Toulouse;Bouygues;Programme neuf;01/16/2017 14:51:22
http://www.jecompare.immo/Residence-ROMANCE-Programme-neuf-93360-Neuilly-Plaisance.php;ROMANCE;programme.php?l=Droit commun&d=93&x=18941;Neuilly-Plaisance;Ogic;Programme neuf;01/16/2017 14:52:19
http://www.jecompare.immo/Residence-KOENIG'S-PARK-TR3-Pinel-1-Rue-des-Greniers.php;KOENIG'S PARK TR3;programme.php?l=Pinel&d=67&x=17998;Rue des Greniers;Vinci Immobilier;Pinel;01/16/2017 14:53:16
http://www.jecompare.immo/Residence-RENAISSANCE-Pinel-74200-Thonon-les-Bains.php;RENAISSANCE;programme.php?l=Pinel&d=74&x=18709;Thonon-les-Bains;Carrere;Pinel;01/16/2017 14:54:13
http://www.jecompare.immo/Residence-Villa-Kennedy-Programme-neuf-92160-Antony.php;Villa Kennedy;programme.php?l=Droit commun&d=92&x=17916;Antony;Financière Rive Gauche;Programme neuf;01/16/2017 14:55:14
http://www.jecompare.immo/Residence-FoliaVerde-Pinel-34070-Montpellier.php;FoliaVerde;programme.php?l=Pinel&d=34&x=16976;Montpellier;Crédit Foncier Immobilier;Pinel;01/16/2017 14:56:13
http://www.jecompare.immo/Residence-Vert-en-Vue-Pinel-67100-Strasbourg.php;Vert en Vue;programme.php?l=Pinel&d=67&x=18335;Strasbourg;Cogedim;Pinel;01/16/2017 14:57:17
http://www.jecompare.immo/Residence-Carré-Cosy-Pinel-33150-Cenon.php;Carré Cosy;programme.php?l=Pinel&d=33&x=16685;Cenon;Tagerim;Pinel;01/16/2017 14:58:21
http://www.jecompare.immo/Residence-LES-TERRASSES-DE-BALMA-1-Pinel-31130-Balma.php;LES TERRASSES DE BALMA 1;programme.php?l=Pinel&d=31&x=16626;Balma;Green City;Pinel;01/16/2017 14:59:22
http://www.jecompare.immo/Residence-Inspirations---Ilot-D-Pinel--.php;Inspirations - Ilot D;programme.php?l=Pinel&d=44&x=18343;;Cogedim;Pinel;01/16/2017 15:00:11
http://www.jecompare.immo/Residence-LES-VILLAS-DE-CORNEBARRIEU---ALLOTEMENT-Pinel-31700-Cornebarrieu.php;LES VILLAS DE CORNEBARRIEU - ALLOTEMENT;programme.php?l=Pinel&d=31&x=10903;Cornebarrieu;Procivis;Pinel;01/16/2017 15:01:10
http://www.jecompare.immo/Residence-DOMAINE-PARISIS-Pinel-95240-Cormeilles-en-Parisis.php;DOMAINE PARISIS;programme.php?l=Pinel&d=95&x=16868;Cormeilles-en-Parisis;Pitch Promotion;Pinel;01/16/2017 15:02:29
http://www.jecompare.immo/Residence-Le-1900-Pinel-59000-Lille.php;Le 1900;programme.php?l=Pinel&d=59&x=17471;Lille;Tagerim;Pinel;01/16/2017 15:03:47
http://www.jecompare.immo/Residence-Néo-Pinel-Relais-Mairie.php;Néo;programme.php?l=Pinel&d=49&x=19518;Mairie;Bouygues;Pinel;01/16/2017 15:05:10
http://www.jecompare.immo/Residence-Passage-Saint-Clément-Pinel-93200-Saint-Denis.php;Passage Saint-Clément;programme.php?l=Pinel&d=93&x=18541;Saint-Denis;Catella Residential;Pinel;01/16/2017 15:06:15
http://www.jecompare.immo/Residence-36,-rue-Chirat-Programme-neuf--.php;36, rue Chirat;programme.php?l=Droit commun&d=69&x=18499;;Les Nouveaux Constructeurs;Programme neuf;01/16/2017 15:06:50
http://www.jecompare.immo/Residence-DIMENSION-Pinel-75017-Paris.php;DIMENSION;programme.php?l=Pinel&d=75&x=14898;Paris;Nexity;Pinel;01/16/2017 15:07:58
http://www.jecompare.immo/Residence-LES-JARDINS-D'AMELIE-Pinel-92350-Le-Plessis-Robinson.php;LES JARDINS D'AMELIE;programme.php?l=Pinel&d=92&x=15625;Le Plessis-Robinson;Groupe Capelli;Pinel;01/17/2017 13:43:33
http://www.jecompare.immo/Residence-Urban-Cottage-140-Pinel-33140-Villenave-d'Ornon.php;Urban Cottage 140;programme.php?l=Pinel&d=33&x=17903;Villenave-d'Ornon;Crédit Foncier Immobilier;Pinel;01/17/2017 13:44:24
http://www.jecompare.immo/Residence-RESIDENCE-LYLOA-Pinel-83140-Six-Fours-les-Plages.php;RESIDENCE LYLOA;programme.php?l=Pinel&d=83&x=17774;Six-Fours-les-Plages;Bouygues;Pinel;01/17/2017 13:45:16
http://www.jecompare.immo/Residence-Le-Domaine-des-Fleurs-Pinel-17139-Dompierre-sur-Mer.php;Le Domaine des Fleurs;programme.php?l=Pinel&d=17&x=19035;Dompierre-sur-Mer;European Homes;Pinel;01/17/2017 13:46:10
http://www.jecompare.immo/Residence-Côté-Vercors-Pinel--.php;Côté Vercors;programme.php?l=Pinel&d=26&x=14748;;Les Nouveaux Constructeurs;Pinel;01/17/2017 13:46:41
http://www.jecompare.immo/Residence-DOLCE-AZZURA-Pinel-06160-Antibes.php;DOLCE AZZURA;programme.php?l=Pinel&d=06&x=17171;Antibes;Pitch Promotion;Pinel;01/17/2017 13:47:44
http://www.jecompare.immo/Residence-EVASIO-Pinel--.php;EVASIO;programme.php?l=Pinel&d=59&x=15419;;Nexity;Pinel;01/17/2017 13:48:15
http://www.jecompare.immo/Residence-LUMINESENS-Pinel-62300-Lens.php;LUMINESENS;programme.php?l=Pinel&d=62&x=18529;Lens;Fiducim;Pinel;01/17/2017 13:49:10
http://www.jecompare.immo/Residence-Résidence-TERRA-ROSSA-Pinel-76230-Bois-Guillaume.php;Résidence TERRA ROSSA;programme.php?l=Pinel&d=76&x=14567;Bois-Guillaume;Fonta;Pinel;01/17/2017 13:50:01
http://www.jecompare.immo/Residence-Clos-Pastel-Pinel-31100-Toulouse.php;Clos Pastel;programme.php?l=Pinel&d=31&x=19324;Toulouse;Tagerim;Pinel;01/17/2017 13:51:13
http://www.jecompare.immo/Residence-Hestia-Pinel-31200-Toulouse.php;Hestia;programme.php?l=Pinel&d=31&x=14709;Toulouse;Serge Mas Promotion;Pinel;01/17/2017 13:52:02
http://www.jecompare.immo/Residence-NEOVIA-Pinel-91290-Arpajon.php;NEOVIA;programme.php?l=Pinel&d=91&x=16751;Arpajon;Nexity;Pinel;01/17/2017 13:52:56
http://www.jecompare.immo/Residence-BAGATELLE-Pinel-44800-Saint-Herblain.php;BAGATELLE;programme.php?l=Pinel&d=44&x=19552;Saint-Herblain;La Référence Pierre;Pinel;01/17/2017 13:53:48
http://www.jecompare.immo/Residence-CRISTAL-Pinel-13600-La-Ciotat.php;CRISTAL;programme.php?l=Pinel&d=13&x=15527;La Ciotat;Ogic;Pinel;01/17/2017 13:54:40
http://www.jecompare.immo/Residence-Résidence-La-Movida-Pinel-34970-Lattes.php;Résidence La Movida;programme.php?l=Pinel&d=34&x=17022;Lattes;Helenis;Pinel;01/17/2017 13:55:32
http://www.jecompare.immo/Residence-Sakura-Garden-Pinel-34170-Castelnau-le-Lez.php;Sakura Garden;programme.php?l=Pinel&d=34&x=17027;Castelnau-le-Lez;Helenis;Pinel;01/17/2017 13:56:25
http://www.jecompare.immo/Residence-PLUME-Pinel-1-Boulevard-du-Zénith.php;PLUME;programme.php?l=Pinel&d=44&x=19153;Boulevard du Zénith;Groupe Gambetta;Pinel;01/17/2017 13:57:22
http://www.jecompare.immo/Residence-DOMAINE-CASTELIA-Pinel-31780-Castelginest.php;DOMAINE CASTELIA;programme.php?l=Pinel&d=31&x=16888;Castelginest;Green City;Pinel;01/17/2017 13:58:18
http://www.jecompare.immo/Residence-LE-CARRE-DES-BOIS-Pinel-35700-Rennes.php;LE CARRE DES BOIS;programme.php?l=Pinel&d=35&x=14897;Rennes;Nexity;Pinel;01/17/2017 13:59:15
http://www.jecompare.immo/Residence-LE-SKATING-Pinel-33140-Villenave-d'Ornon.php;LE SKATING;programme.php?l=Pinel&d=33&x=15814;Villenave-d'Ornon;Edouard Denis;Pinel;01/17/2017 14:00:11
http://www.jecompare.immo/Residence-In'Side-Pinel--.php;In'Side;programme.php?l=Pinel&d=59&x=19412;;Crédit Foncier Immobilier;Pinel;01/17/2017 14:01:04
http://www.jecompare.immo/Residence-LE-PARC-DU-MOULIN---Allotement-Pinel-33290-Parempuyre.php;LE PARC DU MOULIN - Allotement;programme.php?l=Pinel&d=33&x=18974;Parempuyre;Severini;Pinel;01/17/2017 14:01:55
http://www.jecompare.immo/Residence-Le-quai-des-canotiers-Pinel--.php;Le quai des canotiers;programme.php?l=Pinel&d=59&x=16285;;Nacarat;Pinel;01/17/2017 14:02:37
http://www.jecompare.immo/Residence-PIXEL---Nantes-Pinel--.php;PIXEL - Nantes;programme.php?l=Pinel&d=44&x=18988;;Realites;Pinel;01/17/2017 14:03:33
http://www.jecompare.immo/Residence-L'Envol-Pinel-31700-Cornebarrieu.php;L'Envol;programme.php?l=Pinel&d=31&x=16142;Cornebarrieu;Crédit Foncier Immobilier;Pinel;01/17/2017 14:04:22
http://www.jecompare.immo/Residence-CHEMIN-DES-VIOUGUES-Pinel-13300-Salon-de-Provence.php;CHEMIN DES VIOUGUES;programme.php?l=Pinel&d=13&x=15627;Salon-de-Provence;Groupe Capelli;Pinel;01/17/2017 14:05:18
http://www.jecompare.immo/Residence-DIANE-Pinel-91100-Corbeil-Essonnes.php;DIANE;programme.php?l=Pinel&d=91&x=19205;Corbeil-Essonnes;Promogerim;Pinel;01/17/2017 14:06:15
http://www.jecompare.immo/Residence-LES-DOCKS-LIBRES-2-Pinel--.php;LES DOCKS LIBRES 2;programme.php?l=Pinel&d=13&x=16327;;Nexity;Pinel;01/17/2017 14:06:55
http://www.jecompare.immo/Residence-Le-Domaine-des-Fontenelles-Programme-neuf-72100-Le-Mans.php;Le Domaine des Fontenelles;programme.php?l=Droit commun&d=72&x=13358;Le Mans;European Homes;Programme neuf;01/17/2017 14:07:50
http://www.jecompare.immo/Residence-M-IM-Programme-neuf--.php;M-IM;programme.php?l=Droit commun&d=13&x=14118;;Nexity;Programme neuf;01/17/2017 14:08:20
http://www.jecompare.immo/Residence-Canal-Park-A-Pinel-14000-Caen.php;Canal Park A;programme.php?l=Pinel&d=14&x=13757;Caen;Sedelka;Pinel;01/17/2017 14:09:14
http://www.jecompare.immo/Residence-Lady-Mary-Pinel-34200-Sète.php;Lady Mary;programme.php?l=Pinel&d=34&x=19201;Sète;Promeo / Labo Immo;Pinel;01/17/2017 14:10:09
http://www.jecompare.immo/Residence-LES-TERRASSES-DE-JEANNE-Pinel-35700-Rennes.php;LES TERRASSES DE JEANNE;programme.php?l=Pinel&d=35&x=18535;Rennes;Bouygues;Pinel;01/17/2017 14:11:06
http://www.jecompare.immo/Residence-CRYSTAL-PARK-Programme-neuf--.php;CRYSTAL PARK;programme.php?l=Droit commun&d=78&x=17231;;Nexity;Programme neuf;01/17/2017 14:11:39
http://www.jecompare.immo/Residence-5-Mail-Cousteau-Pinel-91300-Massy.php;5 Mail Cousteau;programme.php?l=Pinel&d=91&x=17042;Massy;Catella Residential;Pinel;01/17/2017 14:12:35
http://www.jecompare.immo/Residence-VILLAS-PLAISANCE-Pinel--.php;VILLAS PLAISANCE;programme.php?l=Pinel&d=95&x=19351;;Cogedim;Pinel;01/17/2017 14:13:33
http://www.jecompare.immo/Residence-La-Marina-Programme-neuf--.php;La Marina;programme.php?l=Droit commun&d=34&x=15668;;Les Nouveaux Constructeurs;Programme neuf;01/17/2017 14:14:29
http://www.jecompare.immo/Residence-LES-RIVES-DE-GARLANDE-Pinel--.php;LES RIVES DE GARLANDE;programme.php?l=Pinel&d=95&x=13854;;Nexity;Pinel;01/17/2017 14:15:04
http://www.jecompare.immo/Residence-Le-Clos-de-l'Orme-Programme-neuf-77340-Pontault-Combault.php;Le Clos de l'Orme;programme.php?l=Droit commun&d=77&x=13322;Pontault-Combault;European Homes;Programme neuf;01/17/2017 14:16:04
http://www.jecompare.immo/Residence-VILLA-VENETIA-Pinel-44300-Nantes.php;VILLA VENETIA;programme.php?l=Pinel&d=44&x=18379;Nantes;Cap City / Labo Immo;Pinel;01/17/2017 14:17:02
http://www.jecompare.immo/Residence-Le-Mas-Pinel--.php;Le Mas;programme.php?l=Pinel&d=66&x=14615;;Urbat;Pinel;01/17/2017 14:17:36
http://www.jecompare.immo/Residence-NOUVELLES-TERRES-Pinel-83250-La-Londe-les-Maures.php;NOUVELLES TERRES;programme.php?l=Pinel&d=83&x=16905;La Londe-les-Maures;Nexity;Pinel;01/17/2017 14:18:43
http://www.jecompare.immo/Residence-Résidence-Villa-CARLOTTA-Pinel-31320-Castanet-Tolosan.php;Résidence Villa CARLOTTA;programme.php?l=Pinel&d=31&x=16793;Castanet-Tolosan;Fonta;Pinel;01/17/2017 14:19:44
http://www.jecompare.immo/Residence-La-Résidence-Belles-Lettres-Pinel-67200-Strasbourg.php;La Résidence Belles Lettres;programme.php?l=Pinel&d=67&x=13320;Strasbourg;European Homes;Pinel;01/17/2017 14:20:43
http://www.jecompare.immo/Residence-L'AUSTRAL-Pinel-44200-Nantes.php;L'AUSTRAL;programme.php?l=Pinel&d=44&x=15302;Nantes;Kaufman and Broad;Pinel;01/17/2017 14:21:42
http://www.jecompare.immo/Residence-LES-ALLEES-DE-LA-ROUSSIERE-Pinel--.php;LES ALLEES DE LA ROUSSIERE;programme.php?l=Pinel&d=44&x=17909;;Bouygues;Pinel;01/17/2017 14:22:16
http://www.jecompare.immo/Residence-VILLA-CARRE-GARONNE-Pinel-31200-Toulouse.php;VILLA CARRE GARONNE;programme.php?l=Pinel&d=31&x=19000;Toulouse;Saint Agne Promotion;Pinel;01/17/2017 14:23:21
http://www.jecompare.immo/Residence-ENVIE-Pinel-93170-Bagnolet.php;ENVIE;programme.php?l=Pinel&d=93&x=17846;Bagnolet;Eiffage Immobilier;Pinel;01/17/2017 14:24:26
http://www.jecompare.immo/Residence-Le-Castel-Pinel-13002-Marseille.php;Le Castel;programme.php?l=Pinel&d=13&x=16616;Marseille;Crédit Foncier Immobilier;Pinel;01/17/2017 14:25:27
http://www.jecompare.immo/Residence-IMPRESSIONS-Pinel-78430-Louveciennes.php;IMPRESSIONS;programme.php?l=Pinel&d=78&x=13179;Louveciennes;Ogic;Pinel;01/17/2017 14:26:25
http://www.jecompare.immo/Residence-HAMEAU-GUILLAUME-ONFROY---Saint-Malo-Pinel-35400-Saint-Malo.php;HAMEAU GUILLAUME ONFROY - Saint-Malo;programme.php?l=Pinel&d=35&x=13743;Saint-Malo;Seri Ouest;Pinel;01/17/2017 14:27:29
http://www.jecompare.immo/Residence-LES-JARDINS-DE-CÉLINE-Pinel-33290-Parempuyre.php;LES JARDINS DE CÉLINE;programme.php?l=Pinel&d=33&x=16575;Parempuyre;Severini;Pinel;01/18/2017 11:46:12
http://www.jecompare.immo/Residence-LE-COURS-DES-PRES-Pinel-31200-Toulouse.php;LE COURS DES PRES;programme.php?l=Pinel&d=31&x=16778;Toulouse;Green City;Pinel;01/18/2017 11:47:10
http://www.jecompare.immo/Residence-Les-Hauts-du-Parc-Pinel-44100-Nantes.php;Les Hauts du Parc;programme.php?l=Pinel&d=44&x=18308;Nantes;Cogedim;Pinel;01/18/2017 11:47:59
http://www.jecompare.immo/Residence-LE-RONSARD-Pinel-68000-Colmar.php;LE RONSARD;programme.php?l=Pinel&d=68&x=14454;Colmar;Alsace promotion;Pinel;01/18/2017 11:48:49
http://www.jecompare.immo/Residence-L'OREE-DU-BOIS-Pinel-59770-Marly.php;L'OREE DU BOIS;programme.php?l=Pinel&d=59&x=13486;Marly;Edouard Denis;Pinel;01/18/2017 11:49:44
http://www.jecompare.immo/Residence-Villa-Pompidou-Pinel-30900-Nîmes.php;Villa Pompidou;programme.php?l=Pinel&d=30&x=14575;Nîmes;Urbat;Pinel;01/18/2017 11:50:34
http://www.jecompare.immo/Residence-CANAL-EN-VUES---TR1-Programme-neuf-93130-Noisy-le-Sec.php;CANAL EN VUES - TR1;programme.php?l=Droit commun&d=93&x=19290;Noisy-le-Sec;Vinci Immobilier;Programme neuf;01/18/2017 11:51:33
http://www.jecompare.immo/Residence-GREEN-WOOD-Pinel--.php;GREEN WOOD;programme.php?l=Pinel&d=95&x=18801;;Coffim;Pinel;01/18/2017 11:52:06
http://www.jecompare.immo/Residence-COCOON-Pinel-57070-Metz.php;COCOON;programme.php?l=Pinel&d=57&x=17225;Metz;Nexity;Pinel;01/18/2017 11:52:59
http://www.jecompare.immo/Residence-L'AMARILLO-Programme-neuf-13012-Marseille.php;L'AMARILLO;programme.php?l=Droit commun&d=13&x=19349;Marseille;Bouwfonds Marignan;Programme neuf;01/18/2017 11:53:52
http://www.jecompare.immo/Residence-L'INITIALE-Pinel-31300-.php;L'INITIALE;programme.php?l=Pinel&d=31&x=19103;;Carrere;Pinel;01/18/2017 11:54:48
http://www.jecompare.immo/Residence-CONNEX'CITY-Pinel--.php;CONNEX'CITY;programme.php?l=Pinel&d=72&x=17126;;Nexity;Pinel;01/18/2017 11:55:20
http://www.jecompare.immo/Residence-La-Clé-des-Champs-Pinel-74600-Seynod.php;La Clé des Champs;programme.php?l=Pinel&d=74&x=17523;Seynod;Bouygues;Pinel;01/18/2017 11:56:09
http://www.jecompare.immo/Residence-Harmo'Nice-Pinel-06000-Nice.php;Harmo'Nice;programme.php?l=Pinel&d=06&x=18307;Nice;Cogedim;Pinel;01/18/2017 11:57:03
http://www.jecompare.immo/Residence-Canal-Park-Pinel-14000-Caen.php;Canal Park;programme.php?l=Pinel&d=14&x=13756;Caen;Sedelka;Pinel;01/18/2017 11:57:55
http://www.jecompare.immo/Residence-IntensiT-Pinel-95280-Jouy-le-Moutier.php;IntensiT;programme.php?l=Pinel&d=95&x=17747;Jouy-le-Moutier;Bouygues;Pinel;01/18/2017 11:58:51
http://www.jecompare.immo/Residence-CADENCE-Pinel-78800-Houilles.php;CADENCE;programme.php?l=Pinel&d=78&x=16324;Houilles;Nexity;Pinel;01/18/2017 11:59:46
http://www.jecompare.immo/Residence-RENAISSANCE-Pinel-49100-Angers.php;RENAISSANCE;programme.php?l=Pinel&d=49&x=17617;Angers;Bouygues;Pinel;01/18/2017 12:00:37
http://www.jecompare.immo/Residence-La-Grande-Allée-Pinel-67100-Strasbourg.php;La Grande Allée;programme.php?l=Pinel&d=67&x=18512;Strasbourg;Crédit Foncier Immobilier;Pinel;01/18/2017 12:01:29
http://www.jecompare.immo/Residence-Le-Domaine-des-Marquises-Pinel-Tournefeuille,-Tournefeuille.php;Le Domaine des Marquises;programme.php?l=Pinel&d=31&x=14767;Tournefeuille;Les Nouveaux Constructeurs;Pinel;01/18/2017 12:02:24
http://www.jecompare.immo/Residence-LE-COTTAGE-Pinel-31500-Toulouse.php;LE COTTAGE;programme.php?l=Pinel&d=31&x=15366;Toulouse;Kaufman and Broad;Pinel;01/18/2017 12:03:18
http://www.jecompare.immo/Residence-CLOS-FLORENCE-Pinel-93230-Romainville.php;CLOS FLORENCE;programme.php?l=Pinel&d=93&x=18479;Romainville;Green City;Pinel;01/18/2017 12:04:16
http://www.jecompare.immo/Residence-PLEIN-R-Pinel-51100-Reims.php;PLEIN R;programme.php?l=Pinel&d=51&x=18887;Reims;Nexity;Pinel;01/18/2017 12:05:10
http://www.jecompare.immo/Residence-UNIK-Pinel--.php;UNIK;programme.php?l=Pinel&d=94&x=15384;;Nexity;Pinel;01/18/2017 12:05:47
http://www.jecompare.immo/Residence-GRAND-CENTRAL-Pinel-94130-Nogent-sur-Marne.php;GRAND CENTRAL;programme.php?l=Pinel&d=94&x=19118;Nogent-sur-Marne;Eiffage Immobilier;Pinel;01/18/2017 12:06:47
http://www.jecompare.immo/Residence-NEOCITY-Pinel-39-Route-de-Bayonne.php;NEOCITY;programme.php?l=Pinel&d=64&x=18931;Route de Bayonne;Carrere;Pinel;01/18/2017 12:07:52
http://www.jecompare.immo/Residence-LE-RIVIERA-Pinel--.php;LE RIVIERA;programme.php?l=Pinel&d=67&x=13918;;Nexity;Pinel;01/18/2017 12:08:25
http://www.jecompare.immo/Residence-46-RIMBAUD-Programme-neuf--.php;46 RIMBAUD;programme.php?l=Droit commun&d=93&x=16957;;Crédit Agricole Immobilier;Programme neuf;01/18/2017 12:09:13
http://www.jecompare.immo/Residence-LES-TERRASSES-DE-CHAMPOMMIER-Pinel--.php;LES TERRASSES DE CHAMPOMMIER;programme.php?l=Pinel&d=79&x=19074;;Nexity;Pinel;01/18/2017 12:09:43
http://www.jecompare.immo/Residence-LA-CLEF-DES-BOIS-Pinel-76650-Petit-Couronne.php;LA CLEF DES BOIS;programme.php?l=Pinel&d=76&x=17734;Petit-Couronne;Bouygues;Pinel;01/18/2017 12:10:40
http://www.jecompare.immo/Residence-L'OPALINE-Pinel--.php;L'OPALINE;programme.php?l=Pinel&d=01&x=19516;;Bouygues;Pinel;01/18/2017 12:11:12
http://www.jecompare.immo/Residence-Les-Senioriales-de-Dijon-Pinel-21000-Dijon.php;Les Senioriales de Dijon;programme.php?l=Pinel&d=21&x=14537;Dijon;Les Senioriales;Pinel;01/18/2017 12:12:11
http://www.jecompare.immo/Residence-LE-PANORAMIK-Pinel--.php;LE PANORAMIK;programme.php?l=Pinel&d=35&x=15205;;Kaufman and Broad;Pinel;01/18/2017 12:12:47
http://www.jecompare.immo/Residence-CAP-DOMITIA-Pinel--.php;CAP DOMITIA;programme.php?l=Pinel&d=34&x=18504;;Pitch Promotion;Pinel;01/18/2017 12:13:16
http://www.jecompare.immo/Residence-CARRE-OR-Pinel--.php;CARRE OR;programme.php?l=Pinel&d=56&x=19362;;Bouygues;Pinel;01/18/2017 12:13:52
http://www.jecompare.immo/Residence-LE-TRIPTYK-Pinel-33700-Mérignac.php;LE TRIPTYK;programme.php?l=Pinel&d=33&x=18869;Mérignac;Kaufman and Broad;Pinel;01/18/2017 12:14:53
http://www.jecompare.immo/Residence-L'IMPRIMERIE-Pinel-75014-Paris.php;L'IMPRIMERIE;programme.php?l=Pinel&d=75&x=17034;Paris;Eiffage Immobilier;Pinel;01/18/2017 12:16:00
http://www.jecompare.immo/Residence-Trilogie-Pinel-92600-Asnières-sur-Seine.php;Trilogie;programme.php?l=Pinel&d=92&x=19067;Asnières-sur-Seine;Catella Residential;Pinel;01/18/2017 12:17:10
http://www.jecompare.immo/Residence-Villa-Camille-Pinel-44500-La-Baule-Escoublac.php;Villa Camille;programme.php?l=Pinel&d=44&x=18206;La Baule-Escoublac;Crédit Foncier Immobilier;Pinel;01/18/2017 12:18:11
http://www.jecompare.immo/Residence-ELEGANCE-Pinel-59700-Marcq-en-Barœul.php;ELEGANCE;programme.php?l=Pinel&d=59&x=17570;Marcq-en-Barœul;Bouygues;Pinel;01/18/2017 12:19:15
http://www.jecompare.immo/Residence-T-VERT-Pinel-69100-Villeurbanne.php;T VERT;programme.php?l=Pinel&d=69&x=14104;Villeurbanne;Nexity;Pinel;01/18/2017 12:20:20
http://www.jecompare.immo/Residence-INITIALS-Pinel--.php;INITIALS;programme.php?l=Pinel&d=92&x=16977;;Eiffage Immobilier;Pinel;01/18/2017 12:20:57
http://www.jecompare.immo/Residence-COUR-D-OE---Tours-Pinel-37000-Tours.php;COUR D OE - Tours;programme.php?l=Pinel&d=37&x=13726;Tours;Seri Ouest;Pinel;01/18/2017 12:22:20
http://www.jecompare.immo/Residence-Quai-Sud-Pinel-34500-Béziers.php;Quai Sud;programme.php?l=Pinel&d=34&x=16723;Béziers;Oceanis;Pinel;01/18/2017 12:23:20
http://www.jecompare.immo/Residence-LES-VILLAS-BELLECROIX-Pinel--.php;LES VILLAS BELLECROIX;programme.php?l=Pinel&d=22&x=14149;;Nexity;Pinel;01/18/2017 12:23:52
http://www.jecompare.immo/Residence-IMPRESSIONS---Tranche-2-Pinel-78430-Louveciennes.php;IMPRESSIONS - Tranche 2;programme.php?l=Pinel&d=78&x=14941;Louveciennes;Vinci Immobilier;Pinel;01/18/2017 12:24:59
http://www.jecompare.immo/Residence-RESIDENCE-ALBATROS-Pinel-31270-Villeneuve-Tolosane.php;RESIDENCE ALBATROS;programme.php?l=Pinel&d=31&x=16861;Villeneuve-Tolosane;Eclisse Promotion;Pinel;01/18/2017 12:25:56
http://www.jecompare.immo/Residence-KER-MALO-Pinel--.php;KER MALO;programme.php?l=Pinel&d=35&x=18497;;Bouygues;Pinel;01/18/2017 12:26:35
http://www.jecompare.immo/Residence-Clos-des-Noyers-Pinel-93300-Aubervilliers.php;Clos des Noyers;programme.php?l=Pinel&d=93&x=18534;Aubervilliers;Cogedim;Pinel;01/18/2017 12:27:37
http://www.jecompare.immo/Residence-PARC-SAINT-JEAN-Pinel-83100-Toulon.php;PARC SAINT JEAN;programme.php?l=Pinel&d=83&x=19438;Toulon;Bouwfonds Marignan;Pinel;01/18/2017 12:28:40
http://www.jecompare.immo/Residence-La-Villa-Etrusque-Pinel-34750-Villeneuve-lès-Maguelone.php;La Villa Etrusque;programme.php?l=Pinel&d=34&x=17026;Villeneuve-lès-Maguelone;Helenis;Pinel;01/18/2017 12:29:48
